outcome,events,mean_peak,mean_tail_area,aggregate_aohi,median_event_aohi,weighted_aggregate_aohi,positive_peak_share,positive_tail_share,mean_peak_ci_low,mean_peak_ci_high,mean_tail_area_ci_low,mean_tail_area_ci_high,aggregate_aohi_ci_low,aggregate_aohi_ci_high,median_event_aohi_ci_low,median_event_aohi_ci_high,weighted_aggregate_aohi_ci_low,weighted_aggregate_aohi_ci_high
cancellation,335,0.005517146971404983,0.08204983768401888,14.87178755782253,1.7659640093862712,16.45725273831296,0.3283582089552239,0.3611940298507463,0.0012058930324397893,0.009554192693479098,0.057775356252048736,0.11002338048040418,8.441493662150489,59.580398398885976,0.0,3.2192390277419918,8.794994833478809,243.93410797448385
long_arrival_delay,335,0.0828265449086911,0.26852361677895153,3.241999495149471,1.8221942548458983,2.8799140117000754,0.7044776119402985,0.7402985074626866,0.06809307375410259,0.09853873970753765,0.23238135193267487,0.3100796831731064,2.6810398899341066,3.9874617007868642,1.4743330880266927,2.5434821730348802,2.372301561595058,3.574428070223985
